trend,source,type,format,link
Games companies are still cutting jobs,"Data points to slowing layoffs, but doesn't capture true harm to game industry",Analysis,,https://www.gamedeveloper.com/business/industry-layoffs-are-seemingly-slowing-but-the-damage-has-already-been-done
Games companies are still cutting jobs,GDC 2026 State of the Game Industry Reveals Impact of Layoffs,Data,,https://gdconf.com/article/gdc-2026-state-of-the-game-industry-reveals-impact-of-layoffs-generative-ai-and-more/
Games companies are still cutting jobs,Amir Satvat: Layoffs in the Gaming Industry in 2026,Data,,https://gamedevreports.substack.com/p/amir-satvat-layoffs-in-the-gaming
"Rich markets are losing players, and growth has moved elsewhere",The State of Video Gaming in 2026 (Matthew Ball / Epyllion),Research,,https://www.matthewball.co/all/presentation-the-state-of-video-gaming-in-2026
"Rich markets are losing players, and growth has moved elsewhere",Roblox chose retention over short-term spend,Reporting,,https://www.pcgamer.com/games/roblox-shares-plummet-by-70-percent-after-the-company-reports-persistent-decline-in-player-numbers-and-of-course-the-solution-involves-ai/
"Rich markets are losing players, and growth has moved elsewhere",What is a monetization scheme you actually support?,Community,,https://www.reddit.com/r/pcgaming/comments/1vqka44/what_is_a_monetization_scheme_you_actually_support/
Game prices are stalling as hardware prices climb,Nintendo exec says Mario Kart World justifies its shock $80 price,Analysis,,https://www.gamesradar.com/games/racing/amid-switch-2-price-backlash-nintendo-exec-says-mario-kart-world-justifies-its-shock-usd80-price-because-its-probably-the-richest-mario-kart-experience-fans-will-have-ever-had/
Game prices are stalling as hardware prices climb,Grand Theft Auto 6's $80 price settles the $100 question,Analysis,,https://www.gamedeveloper.com/console/grand-theft-auto-6-s-80-price-settles-the-100-question
Game prices are stalling as hardware prices climb,How a surge in memory prices will affect the games industry,Reporting,,https://www.gamedeveloper.com/business/how-a-surge-in-memory-prices-will-affect-the-games-industry
Publishers are retreating from live-service games,Sony will continue to develop live services despite failures,Reporting,,https://www.pcgamer.com/gaming-industry/sony-games-boss-says-company-will-bravely-keep-sending-live-services-over-the-top-despite-cancelling-8-of-the-12-ones-planned-for-2025-and-wiping-out-most-of-destiny-2s-developers/
Publishers are retreating from live-service games,Newzoo: Most established live-service and evergreen titles were flat or down year over year in H1 2026,Data,,https://www.gamesindustry.biz/newzoo-most-established-live-service-and-evergreen-titles-were-flat-or-down-year-over-year-in-h1-2026
Publishers are retreating from live-service games,"Sega cancelled its ""risky"" Super Game project",Reporting,,https://www.gamesindustry.biz/sega-cancelled-its-risky-super-game-project-as-it-would-have-to-grow-enormously-to-match-the-scale-of-the-service
Game subscriptions are stalling,Microsoft's Game Pass performance is far below expectations,Reporting,,https://www.wsj.com/tech/microsoft-layoffs-xbox-59e7f6df
Game subscriptions are stalling,"Subscriptions are the only growing segment, but barely, inside a market down 21%",Data,,https://gamedevreports.substack.com/p/circana-the-us-video-game-market
Game subscriptions are stalling,"More than 40% of people cancelling Xbox Game Pass, PlayStation Plus and Nintendo Switch Online subscriptions blame rising costs",Reporting,,https://www.eurogamer.net/xbox-game-pass-playstation-plus-nintendo-cancellations-rising-costs
Roblox is rising and falling with its creators' hits,Roblox loses $70 billion in value as company blames lack of viral games,Reporting,,https://www.dexerto.com/roblox/roblox-loses-70-billion-in-value-as-company-blames-lack-of-viral-games-3395064/
Roblox is rising and falling with its creators' hits,Annual Roblox Economic Impact Report,Primary,,https://about.roblox.com/newsroom/2025/09/roblox-annual-economic-impact-report
Roblox is rising and falling with its creators' hits,"Roblox says it'll help developers release their games as standalone apps across PC, mobile, and consoles",Reporting,,https://www.tubefilter.com/2026/09/11/roblox-developers-conference-2026-game-apps-creator-payouts-roblox-wallet-roblox-card/
Regulators are forcing child-safety changes on platforms,eSafety secures court-enforceable undertaking from Roblox,Primary,,https://www.esafety.gov.au/newsroom/media-releases/esafety-secures-court-enforceable-undertaking-from-roblox-to-do-more-to-protect-australian-kids-from-grooming-and-sexual-exploitation
Regulators are forcing child-safety changes on platforms,Australians must now prove their age to buy R18+ games,Reporting,,https://www.pcgamer.com/gaming-industry/australians-must-now-prove-their-age-to-buy-r18-games-on-the-xbox-store/
Regulators are forcing child-safety changes on platforms,"Steam implements age verification for R18+ games in Australia, credit card required",Reporting,,https://thisweekinvideogames.com/news/steam-implements-age-verification-for-r18-games-in-australia-credit-card-required/
India has outlawed games played for money,"India bans real-money gaming, threatening a $23 billion industry",Reporting,,https://techcrunch.com/2025/08/20/india-bans-real-money-gaming-threatening-a-23-billion-industry
India has outlawed games played for money,"Challenge to the Promotion and Regulation of Online Gaming Act, 2025",Reporting,,https://www.scobserver.in/cases/challenge-to-the-promotion-and-regulation-of-online-gaming-act-2025/
India has outlawed games played for money,CCI Closes Winzo's Google Antitrust Case After Money Gaming Ban,Reporting,,https://respawn.outlookindia.com/gaming/gaming-news/cci-closes-winzos-google-antitrust-case-after-money-gaming-ban
Regulators are age-gating loot boxes,"All games with loot boxes in them will be rated minimum PEGI 16, starting this summer",Reporting,,https://www.videogameschronicle.com/news/all-games-with-loot-boxes-in-them-will-be-rated-minimum-pegi-16-starting-this-summer/
Regulators are age-gating loot boxes,"South Korea's loot box law shows strong results, but players still left in the dark",Research,,https://techxplore.com/news/2025-09-south-korea-loot-law-strong.html
Regulators are age-gating loot boxes,"TIL, in Brazil, most gacha games are +18 due to the loot box mechanic",Community,,https://x.com/genshinmains_/status/2091189145381323092
Governments are weighing legal caps on children's playtime,Tracking Efforts To Restrict Or Ban Teens from Social Media Across the Globe,Analysis,,https://www.techpolicy.press/tracking-efforts-to-restrict-or-ban-teens-from-social-media-across-the-globe/
Governments are weighing legal caps on children's playtime,No evidence that Chinese playtime mandates reduced heavy gaming,Research,,https://www.nature.com/articles/s41562-023-01669-8
Governments are weighing legal caps on children's playtime,Age verification = Digital ID,Community,,https://www.reddit.com/r/playstation/comments/1vtgdzh/age_verification_digital_id/
Game publishers are opening esports to licensed bookmakers,CS2 Sponsorship Landscape 2026: Gambling Brands Control Majority of Title Sponsorships,Analysis,,https://escharts.com/news/betting-and-gambling-companies-lead-title-sponsorships-2026-counter-strike-esports
Game publishers are opening esports to licensed bookmakers,Why We're Opening Betting Sponsorships in Esports & How We're Doing It Responsibly,Primary,,https://www.riotgames.com/en/news/esports-betting-sponsorships
Game publishers are opening esports to licensed bookmakers,The only companies that want to sponsor me are gambling companies,Community,video,https://www.tiktok.com/@nathanli1236/video/7671398335902895368
Children's privacy rules are nudging games toward checking every player's age,Roblox to face external audits to prove it is safe for Australian children,Reporting,,https://www.abc.net.au/news/2026-08-20/roblox-esafety-court-enforceable-undertaking/107056294
Children's privacy rules are nudging games toward checking every player's age,Understanding the updated COPPA rules and their impact on child safety,Analysis,,https://gamesbeat.com/understanding-the-updated-coppa-rules-and-their-impact-on-child-safety/
Children's privacy rules are nudging games toward checking every player's age,California enacts new social media curbs for children under 16,Reporting,,https://www.pocketgamer.biz/california-enacts-new-social-media-curbs-for-children-under-16/
Problem-gaming research is shifting from hours to compulsion,"Study Finds Addictive Screen Use, Not Total Screen Time, Linked to Youth Suicide Risk",Research,,https://news.weill.cornell.edu/news/2025/06/study-finds-addictive-screen-use-not-total-screen-time-linked-to-youth-suicide-risk
Problem-gaming research is shifting from hours to compulsion,W66 days clean. I might stop. This is just not doing anything for me (r/StopGaming),Community,,https://www.reddit.com/r/StopGaming/comments/1vuf5jh/66_days_clean_i_might_stop_this_is_just_not_doing/
Problem-gaming research is shifting from hours to compulsion,New Study Challenges Common Assumptions About Screen Time For Kids,Community,,https://hardware.slashdot.org/story/26/08/19/2231240/new-study-challenges-common-assumptions-about-screen-time-for-kids
Chinese studios are trying to build premium global franchises,“China’s K-pop moment”: Wukong’s global success sparks government embrace of video games as soft power,Reporting,,https://restofworld.org/2024/wukong-china-gaming-strategy/
Chinese studios are trying to build premium global franchises,China's game makers split as giants chase prestige and others target profit,Analysis,,https://kr-asia.com/chinas-game-makers-split-as-giants-chase-prestige-and-others-target-profit
Chinese studios are trying to build premium global franchises,Black Myth: Zhong Kui might be the best looking game ever made... Chinese devs are cooking,Community,video,https://www.tiktok.com/@okami.games/video/7675962319934852365
Saudi state money is buying major games companies,Inside Saudi Arabia's $38 Billion Gaming Empire,Analysis,,https://naavik.co/digest/inside-saudi-arabias-38-billion-gaming-empire/
Saudi state money is buying major games companies,Saudi Arabia's PIF reportedly considering to combine EA with Savvy Games Group,Reporting,,https://www.gamesindustry.biz/saudi-arabias-pif-reportedly-considering-to-combine-ea-with-savvy-games-group
Saudi state money is buying major games companies,Saudi video game giant Savvy CEO Brian Ward is stepping down,Reporting,,https://www.bloomberg.com/news/articles/2026-09-01/saudi-video-game-giant-savvy-ceo-brian-ward-is-stepping-down
China's growth is going to Chinese-made games,"The state of video games with Matthew Ball, Part One",Analysis,,https://www.thegamebusiness.com/p/the-state-of-video-games-with-matthew
China's growth is going to Chinese-made games,Chinese gaming market surpasses $50 billion,Data,,https://nikopartners.com/chinese-gaming-market-surpasses-50-billion-as-ai-premium-gaming-and-new-monetization-models-reshape-growth/
China is using game approvals as a policy dial,"China's NPPA approved 1,771 video games in 2025",Analysis,,https://substack.nikopartners.com/p/chinas-nppa-approved-1771-video-games
China is using game approvals as a policy dial,"Chinese gacha games recorded an 8.97% decline, despite growth in the gaming industry as a whole",Community,,https://www.reddit.com/r/gachagaming/comments/1vauysu/china_game_industry_report_for_januaryjune_2026/
China is using game approvals as a policy dial,"China Game Approval (Banhao) requirements for apps in CN, 2026",Primary,,https://clearlaunch.dev/regulations/china-game-approval
Developers are turning against generative AI,"GDC 2026 State of the Game Industry Reveals Impact of Layoffs, Generative AI, and More",Primary,,https://gdconf.com/article/gdc-2026-state-of-the-game-industry-reveals-impact-of-layoffs-generative-ai-and-more/
Developers are turning against generative AI,"AI is a copyright landmine: ""I think we're going to see lawsuits""",Analysis,,https://www.gamesradar.com/games/echoing-palworld-dev-video-game-lawyer-says-all-her-clients-have-anti-ai-contracts-because-gamers-hate-it-and-its-a-copyright-landmine-i-think-were-going-to-see-lawsuits/
Developers are turning against generative AI,European game developers are more concerned that AI will pressure them to work faster rather than take their job,Reporting,,https://www.gamesindustry.biz/european-game-developers-are-more-concerned-that-ai-will-pressure-them-to-work-faster-rather-than-take-their-job
AI teammates are reaching players in short tests,"How KRAFTON Built PUBG Ally, a Co-Playable Character Powered by NVIDIA ACE",Analysis,,https://developer.nvidia.com/blog/how-krafton-built-pubg-ally-a-co-playable-character-powered-by-nvidia-ace/
AI teammates are reaching players in short tests,r/gamedev Policy on AI Use,Community,,https://www.reddit.com/r/gamedev/comments/1vrnqyt/rgamedev_policy_on_ai_use/
AI teammates are reaching players in short tests,dev stress-tests their game's voice recognition after a player calls it bad,Community,video,https://www.tiktok.com/@monchiistudio/video/7676265366301019393
Creative workers are fighting over AI consent and disclosure,"SAG-AFTRA Overwhelmingly Approves Video Game Agreement, Marking Official End To Nearly Yearlong Strike",Reporting,,https://deadline.com/2025/07/sag-aftra-video-game-agreement-approved-strike-1236453741/
Creative workers are fighting over AI consent and disclosure,Saber's AI Rideshare Stimulator controversy almost closes on high note,Reporting,,https://www.pcgamer.com/gaming-industry/sabers-ai-rideshare-stimulator-controversy-almost-closes-on-high-note-with-ceo-apology-then-he-calls-portal-scribe-who-mocked-him-an-unsuccessful-writer/
Creative workers are fighting over AI consent and disclosure,"Report: EA's NHL 27 is using genAI to create voiceover, claims a sports commentator",Reporting,,https://www.gamedeveloper.com/business/report-ea-s-nhl-27-is-using-genai-to-create-voiceover-claims-a-sports-commentator
Apple and Google are being forced to open their stores,"Following Epic loss, Google has started hosting rival app stores in Play Store",Reporting,,https://arstechnica.com/gadgets/2026/08/third-party-app-stores-are-rolling-out-in-google-play-but-theres-only-one-right-now/
Apple and Google are being forced to open their stores,'That is not acceptable': Judge orders Google to make rival app store installs easier,Community,,https://www.theverge.com/policy/979852/that-is-not-acceptable-judge-orders-google-to-make-rival-app-store-installs-easier
Apple and Google are being forced to open their stores,Apple announces changes to iOS in Japan,Community,,https://www.apple.com/newsroom/2025/12/apple-announces-changes-to-ios-in-japan/
Streamers are spreading across several platforms,"Multistreaming Audience Split: Twitch, YouTube & Kick in H1 2026",Data,,https://streamscharts.com/news/multistreaming-audience-split-twitch-youtube-kick-h1-2026
Streamers are spreading across several platforms,SOOP Korea and Chzzk: One Year After Twitch's Shutdown,Data,,https://streamhatchet.com/blog/the-state-of-korean-live-streaming/
Streamers are spreading across several platforms,"YouTube gaming creators ""command 23% higher deal rates than Twitch""",Reporting,,https://www.pocketgamer.biz/youtube-gaming-creators-command-23-higher-deal-rates-than-twitch/
Handheld gaming PCs are losing momentum,Asus ROG Xbox Ally sales stall with Steam Deck still the preferred handheld gaming PC,Reporting,,https://www.notebookcheck.net/Asus-ROG-Xbox-Ally-sales-stall-with-Steam-Deck-still-the-preferred-handheld-gaming-PC.1230155.0.html
Handheld gaming PCs are losing momentum,SteamOS expands beyond Steam Deck,Primary,,https://store.steampowered.com/news/app/593110/view/529834914570306831
Handheld gaming PCs are losing momentum,PC Gaming Handhelds just keep getting better,Community,video,https://www.tiktok.com/@gg.sheed/video/7675986246526700814
Investors are abandoning blockchain games,"$12 Billion In, 93% Dead: The Real Story of Web3 Gaming",Research,,https://caladan.xyz/12-billion-in-93-percent-dead-web3-gaming/
Investors are abandoning blockchain games,More than 90% of Web3 games failed after $15 billion boom,Analysis,,https://www.coindesk.com/markets/2026/04/23/more-than-90-of-web3-games-failed-after-usd15-billion-boom-as-gamers-never-showed-up-caladan
Investors are abandoning blockchain games,NEXPACE posts 30.98 million NXPC in first-half protocol revenue,Reporting,,https://www.invenglobal.com/articles/25725/nexpace-posts-3098-million-nxpc-in-first-half-protocol-revenue
Older players are a large audience the industry overlooks,2026 Essential Facts About the U.S. Video Game Industry,Data,,https://www.theesa.com/resources/essential-facts-about-the-us-video-game-industry/2026-data/
Older players are a large audience the industry overlooks,The Myth of the Aging Playerbase,Analysis,video,https://www.youtube.com/watch?v=N8tdqi-x9OI
Older players are a large audience the industry overlooks,Why older gamers could be the key to saving the games industry,Analysis,,https://news.northeastern.edu/2026/06/02/old-gamers-video-game-industry/
Campaigners are pressing to keep sold games playable,Stop Destroying Videogames - Commission's reply to the European citizens' initiative,Primary,,https://citizens-initiative.europa.eu/stop-destroying-videogames-commissions-reply-european-citizens-initiative_en
Campaigners are pressing to keep sold games playable,"GOG brings back ""big box"" PC games, one printable template at a time",Reporting,,https://arstechnica.com/gaming/2026/09/gog-brings-back-big-box-pc-games-one-printable-template-at-a-time/
Campaigners are pressing to keep sold games playable,Projeto de lei inspirado no Stop Killing Games é apresentado no Brasil para evitar que jogos morram,Reporting,,https://www.tecmundo.com.br/voxel/504819-projeto-de-lei-inspirado-no-stop-killing-games-e-apresentado-no-brasil-para-evitar-que-jogos-morram.htm
Game workers are winning union contracts,Game Worker Solidarity: Mapping and documenting collective movements by game workers,Primary,,https://gameworkersolidarity.com/
Game workers are winning union contracts,"One industry, one fight – Video Game Unions Present a United Front Across Western Europe",Primary,,https://www.stjv.fr/en/2025/12/one-industry-one-fight-video-game-unions-present-a-united-front-across-western-europe/
Game workers are winning union contracts,"Blizzard union workers ratify historic contract covering 1,900 employees",Reporting,,https://www.gamedeveloper.com/production/blizzard-union-workers-ratify-historic-contract-covering-1-900-employees
Players are using review scores as a protest vote,Forced: Perceptions of “Woke” Politics in Video Games,Research,,https://ijoc.org/index.php/ijoc/article/view/23165
Players are using review scores as a protest vote,Steam review bombing is gaming's most powerful method of protest,Reporting,,https://www.pcgamer.com/games/third-person-shooter/steam-review-bombing-is-gamings-most-powerful-method-of-protest-3-takeaways-from-helldivers-2s-weekend-meltdown/
Players are using review scores as a protest vote,I hate what the culture wars have done to the discourse surrounding this game,Community,,https://www.reddit.com/r/ShitHaloSays/comments/1vaslzl/i_hate_what_the_culture_wars_have_done_to_the/
Esports is running on Saudi money,Esports Business H1 2026: 4 Shifts Reshaping the Industry,Analysis,,https://escharts.com/news/esports-business-h1-2026
Esports is running on Saudi money,Kiwoom aims to become the first publicly listed Korean eSports team,Community,,https://www.reddit.com/r/leagueoflegends/comments/1v46rdr/investchosun_kiwoom_drx_krx_files_for_ipo_on_the/
Esports is running on Saudi money,Who watched EWC 2026 co-streams? Audience demographics and key markets,Data,,https://streamscharts.com/news/who-watched-ewc-2026-co-streams
Games media is consolidating and shrinking,The Secretive Company Filling Video Game Sites With Gambling And AI,Analysis,,https://aftermath.site/gameshub-clickout-media-seo-gambling-ai/
Games media is consolidating and shrinking,Four Companies Control Your Favorite Gaming Media,Analysis,,https://spilled.gg/companies-gaming-media/
Games media is consolidating and shrinking,"Future, Ziff Davis to Struggle Most From Traffic Drops",Analysis,,https://www.amediaoperator.com/analysis/future-ziff-davis-to-struggle-most-from-traffic-drops/
Investors are pulling money out of studios,The State of Video Gaming in 2026 (Matthew Ball / Epyllion),Data,,https://www.matthewball.co/all/presentation-the-state-of-video-gaming-in-2026
Investors are pulling money out of studios,"The state of video games with Matthew Ball, Part One",Analysis,,https://www.thegamebusiness.com/p/the-state-of-video-games-with-matthew
Investors are pulling money out of studios,European studio expenditure on external talent rises 63% in 2025,Reporting,,https://www.gamesindustry.biz/european-studio-expenditure-on-external-talent-rises-63-in-2025
Console makers are keeping games exclusive again,Should PlayStation and Xbox change their plans on exclusive games?,Analysis,,https://www.thegamebusiness.com/p/should-playstation-and-xbox-change
Console makers are keeping games exclusive again,Xbox console exclusives are returning on a ‘case-by-case’ basis,Reporting,,https://www.gamedeveloper.com/business/xbox-console-exclusives-are-returning-on-a-case-by-case-basis
Console makers are keeping games exclusive again,Xbox to publish Kojima Productions' Physint after PlayStation said it would cancel the project,Reporting,,https://www.gamesindustry.biz/xbox-to-publish-kojima-productions-physint-after-it-unexpectedly-received-notice-from-playstation-that-it-would-cancel-the-project
Mobile games are struggling to find new players,State of Mobile 2026: 9 Key Trends,Data,,https://www.deconstructoroffun.com/blog/2026/2/2/state-of-mobile-2026
Mobile games are struggling to find new players,H1 2026: 4X Strategy's UA Reckoning,Analysis,,https://naavik.co/f2p-mobile/h1-2026-4x-strategys-ua-reckoning/
Mobile games are struggling to find new players,"H1 2026 genre analysis: strategy stumbles, RPGs fall, and puzzle revenue ramps up",Data,,https://www.pocketgamer.biz/h1-2026-genre-analysis-strategy-stumbles-rpgs-fall-and-puzzle-revenue-ramps-up/
Steam's glut is making discovery the hard part,GDC: The State of the Game Industry 2026,Data,,https://gamedevreports.substack.com/p/gdc-the-state-of-the-game-industry-fcf
Steam's glut is making discovery the hard part,Does your Steam demo CCU 'predict' your game's success?,Data,,https://newsletter.gamediscover.co/p/does-your-steam-demo-ccu-predict
Steam's glut is making discovery the hard part,How many games were released in 2025?,Analysis,,https://howtomarketagame.com/2026/01/08/how-many-games-were-released-in-2025/
Old games take most of players' time,Newzoo: PC and Console Market in 2026,Data,,https://gamedevreports.substack.com/p/newzoo-pc-and-console-market-in-2026
Old games take most of players' time,Why older games rule – and new games drool – in Discoveryland,Analysis,,https://newsletter.gamediscover.co/p/why-older-games-rule-and-new-games
Old games take most of players' time,"Valve has reportedly made £11bn from Steam already in 2026, and biggest earning new arrival is Forza Horizon 6",Reporting,,https://www.eurogamer.net/forza-horizon-6-biggest-steam-new-release-11-billion-gbp
Cheap co-op games are topping Steam's charts,GameDiscoverCo: Most successful new releases on PC and Consoles in 2025,Data,,https://gamedevreports.substack.com/p/gamediscoverco-most-successful-new
Cheap co-op games are topping Steam's charts,What developers can learn from indie social co-op,Analysis,,https://www.gamedeveloper.com/design/what-developers-can-learn-from-the-indie-social-co-op-games-topping-the-steam-charts
Cheap co-op games are topping Steam's charts,"Calling games like Peak and REPO ‘friendslop’ devalues the developer, investor says",Reporting,,https://www.gamesradar.com/games/co-op/calling-steam-games-like-peak-and-repo-friendslop-devalues-the-skill-of-the-developer-industry-investor-says-so-lets-collectively-kill-the-term-before-its-too-late/
Mobile live events are converging on one playbook,Converging Live Ops Trends in Mobile Puzzle,Analysis,,https://naavik.co/digest/live-ops-trends-powering-mobile-puzzle/
Mobile live events are converging on one playbook,H1 2026: 4X Strategy's UA Reckoning,Data,,https://naavik.co/f2p-mobile/h1-2026-4x-strategys-ua-reckoning/
Mobile live events are converging on one playbook,Book Excerpt: Running a Successful Live Service Game,Analysis,,https://www.gamedeveloper.com/business/book-excerpt-running-a-successful-live-service-game
